"Date","Price","Open","High","Low","Vol.","Change %"
"10/28/2022","3,878.98","3,929.46","3,929.76","3,877.55","1.62B","-1.41%"
"10/27/2022","3,934.52","3,978.01","3,990.14","3,906.26","4.15B","-1.05%"
"10/26/2022","3,976.36","3,989.65","4,015.62","3,958.79","4.12B","0.03%"
"10/25/2022","3,975.01","3,983.35","4,011.08","3,928.17","5.49B","-0.06%"
"10/24/2022","3,977.51","3,946.13","4,008.80","3,939.73","4.16B","1.09%"
"10/21/2022","3,934.63","3,905.29","3,952.22","3,888.38","4.59B","0.87%"
"10/20/2022","3,900.85","3,889.76","3,942.54","3,877.84","6.56B","0.53%"
"10/19/2022","3,880.34","3,851.41","3,916.91","3,844.48","6.03B","1.01%"
"10/18/2022","3,841.56","3,877.90","3,927.17","3,805.45","6.35B","-0.16%"
"10/17/2022","3,847.62","3,641.40","3,854.13","3,641.40","5.87B","6.08%"
"10/14/2022","3,626.96","3,584.94","3,640.55","3,584.94","3.48B","2.07%"
"10/13/2022","3,553.43","3,529.78","3,577.79","3,521.60","3.37B","1.01%"
"10/12/2022","3,517.75","3,576.84","3,591.37","3,510.86","3.56B","-1.51%"
"10/11/2022","3,571.55","3,590.26","3,605.95","3,563.20","3.95B","-0.29%"
"10/10/2022","3,582.03","3,574.09","3,601.87","3,564.80","3.45B","0.40%"
"10/07/2022","3,567.60","3,563.85","3,589.24","3,546.07","3.74B","0.39%"
"10/06/2022","3,553.85","3,519.85","3,565.47","3,507.75","4.33B","1.99%"
"10/05/2022","3,484.42","3,486.70","3,508.46","3,425.38","4.63B","0.76%"
"10/04/2022","3,458.03","3,435.55","3,480.91","3,400.39","5.26B","1.94%"
"10/03/2022","3,392.13","3,195.81","3,392.13","3,195.81","4.43B","6.67%"
"09/30/2022","3,179.99","3,151.32","3,180.11","3,129.74","3.50B","1.05%"
"09/29/2022","3,146.89","3,218.87","3,240.78","3,048.67","4.52B","-1.60%"
"09/28/2022","3,198.16","3,257.96","3,283.94","3,198.16","3.76B","-2.07%"
"09/27/2022","3,265.64","3,270.53","3,319.14","3,256.46","6.15B","0.17%"
"09/26/2022","3,260.15","3,282.61","3,309.95","3,222.21","4.07B","-0.65%"
"09/23/2022","3,281.61","3,303.54","3,330.37","3,275.57","3.47B","-0.41%"
"09/22/2022","3,295.27","3,247.30","3,320.01","3,236.99","4.66B","1.53%"
"09/21/2022","3,245.76","3,269.45","3,295.74","3,225.03","4.48B","-0.97%"
"09/20/2022","3,277.50","3,221.08","3,280.42","3,149.68","5.63B","2.44%"
"09/19/2022","3,199.54","3,382.95","3,393.66","3,199.54","4.21B","-5.26%"
"09/16/2022","3,377.33","3,349.58","3,398.62","3,317.53","5.52B","0.42%"
"09/15/2022","3,363.12","3,456.44","3,494.38","3,355.15","5.31B","-2.43%"
"09/14/2022","3,446.96","3,419.07","3,446.96","3,277.43","4.60B","0.59%"
"09/13/2022","3,426.88","3,684.23","3,715.28","3,426.88","8.39B","-6.09%"
"09/12/2022","3,649.21","3,557.67","3,650.07","3,543.92","7.36B","3.63%"
"09/09/2022","3,521.38","3,465.10","3,545.86","3,452.23","6.47B","2.44%"
"09/08/2022","3,437.41","3,428.31","3,505.65","3,420.01","7.52B","1.02%"
"09/07/2022","3,402.81","3,401.76","3,424.37","3,338.13","7.01B","0.34%"
"09/06/2022","3,391.38","3,381.68","3,448.93","3,298.62","9.06B","0.98%"
"09/05/2022","3,358.37","3,247.88","3,367.31","3,247.88","7.20B","4.21%"
"09/02/2022","3,222.74","3,166.49","3,228.88","3,159.81","6.33B","2.55%"
"09/01/2022","3,142.74","3,168.41","3,182.95","3,125.47","6.46B","-0.90%"
"08/31/2022","3,171.21","3,178.28","3,198.99","3,160.04","5.65B","0.20%"
"08/29/2022","3,164.96","3,145.17","3,174.02","3,110.60","5.18B","0.60%"
"08/26/2022","3,146.10","3,149.43","3,188.07","3,104.90","7.92B","0.30%"
"08/25/2022","3,136.77","3,076.10","3,145.92","3,074.81","6.17B","2.50%"
"08/24/2022","3,060.30","3,133.19","3,148.82","3,056.76","5.58B","-1.96%"
"08/23/2022","3,121.52","3,070.20","3,131.56","3,070.20","5.85B","1.93%"
"08/22/2022","3,062.49","3,017.82","3,083.34","3,010.69","5.53B","1.40%"
"08/19/2022","3,020.20","3,025.23","3,051.83","2,999.46","5.09B","0.01%"
"08/18/2022","3,020.01","2,979.10","3,033.81","2,924.83","6.98B","1.34%"
"08/17/2022","2,980.00","2,928.71","2,983.22","2,919.77","6.20B","2.29%"
"08/16/2022","2,913.30","2,862.20","2,913.30","2,773.06","5.57B","1.96%"
"08/15/2022","2,857.18","2,875.37","2,885.34","2,844.60","3.58B","-0.25%"
"08/12/2022","2,864.25","2,871.82","2,896.67","2,840.99","4.55B","-0.15%"
"08/11/2022","2,868.44","2,846.83","2,877.60","2,834.61","4.84B","1.37%"
"08/10/2022","2,829.58","2,779.66","2,829.62","2,764.41","4.69B","1.59%"
"08/09/2022","2,785.16","2,795.36","2,807.21","2,762.28","4.15B","-0.35%"
"08/08/2022","2,795.06","2,759.43","2,802.83","2,759.43","4.66B","1.62%"
"08/05/2022","2,750.49","2,729.93","2,762.95","2,707.18","5.42B","0.98%"
"08/04/2022","2,723.67","2,701.07","2,733.50","2,701.07","3.98B","1.46%"
"08/03/2022","2,684.46","2,664.83","2,684.46","2,664.83","3.47B","1.39%"
"08/02/2022","2,647.59","2,662.00","2,681.43","2,639.05","3.54B","-0.33%"
"08/01/2022","2,656.32","2,592.38","2,656.76","2,592.38","3.03B","2.47%"
"07/29/2022","2,592.38","2,547.95","2,593.57","2,538.51","2.73B","1.93%"
"07/28/2022","2,543.33","2,567.20","2,574.38","2,537.20","3.16B","-0.03%"
"07/27/2022","2,544.12","2,550.85","2,553.77","2,531.66","2.74B","0.28%"
"07/26/2022","2,537.12","2,558.23","2,565.61","2,535.32","3.52B","-0.45%"
"07/25/2022","2,548.49","2,520.84","2,553.13","2,520.84","2.93B","1.27%"
"07/22/2022","2,516.56","2,524.49","2,542.65","2,497.82","2.91B","0.21%"
"07/21/2022","2,511.37","2,528.51","2,535.93","2,505.16","2.87B","-0.55%"
"07/20/2022","2,525.20","2,514.16","2,527.46","2,499.12","2.65B","0.93%"
"07/19/2022","2,501.96","2,449.40","2,501.96","2,448.03","3.00B","2.07%"
"07/18/2022","2,451.27","2,401.91","2,451.27","2,401.91","2.15B","2.89%"
"07/14/2022","2,382.44","2,407.33","2,421.18","2,375.00","2.25B","-1.06%"
"07/13/2022","2,408.08","2,435.49","2,440.98","2,387.89","1.92B","-1.07%"
"07/08/2022","2,434.02","2,425.47","2,439.83","2,422.79","609.36M","0.35%"
"07/07/2022","2,425.56","2,412.35","2,428.62","2,403.51","1.83B","0.72%"
"07/06/2022","2,408.15","2,389.11","2,411.10","2,370.13","2.26B","1.56%"
"07/05/2022","2,371.25","2,417.84","2,426.48","2,359.09","2.53B","-1.44%"
"07/04/2022","2,405.98","2,458.73","2,475.47","2,405.62","2.18B","-1.55%"
"07/01/2022","2,443.77","2,408.64","2,452.82","2,399.54","2.05B","1.60%"
"06/30/2022","2,405.36","2,400.80","2,427.63","2,367.78","2.94B","0.14%"
"06/29/2022","2,401.96","2,492.58","2,494.28","2,401.96","2.70B","-3.55%"
"06/28/2022","2,490.24","2,545.35","2,561.14","2,471.54","2.78B","-1.54%"
"06/27/2022","2,529.26","2,539.24","2,548.73","2,483.01","2.18B","-0.97%"
"06/24/2022","2,554.08","2,554.76","2,570.63","2,525.17","2.51B","0.43%"
"06/23/2022","2,543.21","2,576.07","2,588.68","2,533.86","2.62B","-1.21%"
"06/22/2022","2,574.30","2,572.18","2,586.86","2,552.05","2.42B","-0.06%"
"06/21/2022","2,575.86","2,557.11","2,582.21","2,550.77","2.72B","1.44%"
"06/20/2022","2,539.20","2,548.95","2,555.10","2,511.34","2.62B","0.23%"
"06/17/2022","2,533.33","2,491.51","2,533.33","2,485.82","2.65B","1.93%"
"06/16/2022","2,485.36","2,535.82","2,544.11","2,469.21","2.79B","-1.81%"
"06/15/2022","2,531.11","2,514.14","2,533.81","2,501.77","2.61B","0.88%"
"06/14/2022","2,508.91","2,526.73","2,533.41","2,489.82","2.47B","-0.05%"
"06/13/2022","2,510.14","2,540.28","2,552.17","2,506.04","2.67B","-1.30%"
"06/10/2022","2,543.10","2,553.48","2,597.94","2,527.59","3.33B","-1.11%"
"06/09/2022","2,571.57","2,546.28","2,575.28","2,511.36","3.33B","1.23%"
"06/08/2022","2,540.36","2,658.55","2,684.77","2,532.74","3.91B","-4.07%"
"06/07/2022","2,648.19","2,651.15","2,656.17","2,619.53","3.77B","0.00%"
"06/06/2022","2,648.12","2,619.81","2,654.41","2,619.81","4.27B","1.80%"
"06/03/2022","2,601.25","2,611.22","2,623.17","2,591.47","2.95B","-0.01%"
"06/02/2022","2,601.56","2,578.72","2,603.34","2,565.09","3.27B","1.28%"
"06/01/2022","2,568.76","2,554.28","2,585.78","2,554.28","3.52B","0.85%"
"05/31/2022","2,547.09","2,538.89","2,553.51","2,527.72","4.56B","0.79%"
"05/30/2022","2,527.15","2,466.88","2,539.12","2,466.70","3.65B","3.62%"
"05/27/2022","2,438.84","2,454.41","2,470.04","2,434.17","3.41B","-0.49%"
"05/26/2022","2,450.84","2,422.80","2,455.73","2,421.15","3.02B","1.35%"
"05/25/2022","2,418.10","2,386.71","2,423.83","2,383.94","2.93B","1.81%"
"05/24/2022","2,375.00","2,392.05","2,399.31","2,372.83","2.75B","-0.25%"
"05/23/2022","2,380.90","2,392.34","2,397.91","2,346.12","3.53B","0.36%"
"05/20/2022","2,372.35","2,389.75","2,407.26","2,372.35","3.08B","-0.89%"
"05/18/2022","2,393.61","2,390.78","2,411.57","2,382.07","2.91B","-0.05%"
"05/17/2022","2,394.83","2,401.23","2,416.76","2,380.10","2.87B","0.17%"
"05/16/2022","2,390.79","2,419.06","2,424.54","2,390.79","2.77B","-1.18%"
"05/13/2022","2,419.23","2,416.04","2,426.94","2,397.27","2.49B","1.18%"
"05/12/2022","2,390.98","2,429.00","2,430.09","2,361.77","3.51B","-2.57%"
"05/11/2022","2,453.94","2,498.24","2,500.89","2,428.75","3.16B","-1.45%"
"05/10/2022","2,490.17","2,478.49","2,494.64","2,478.49","3.13B","0.99%"
"05/09/2022","2,465.71","2,461.94","2,480.57","2,441.59","3.00B","0.28%"
"05/06/2022","2,458.72","2,460.87","2,470.61","2,433.32","2.94B","-0.31%"
"05/05/2022","2,466.26","2,460.80","2,491.55","2,460.07","3.10B","1.47%"
"04/29/2022","2,430.55","2,433.34","2,442.79","2,404.69","2.97B","0.09%"
"04/28/2022","2,428.42","2,460.32","2,477.94","2,427.86","3.19B","-0.94%"
"04/27/2022","2,451.43","2,418.30","2,453.69","2,399.00","3.50B","1.37%"
"04/26/2022","2,418.30","2,498.11","2,510.27","2,402.30","4.19B","-2.59%"
"04/25/2022","2,482.60","2,472.50","2,498.77","2,428.65","4.14B","0.41%"
"04/22/2022","2,472.50","2,550.11","2,561.00","2,465.51","4.81B","-3.30%"
"04/21/2022","2,556.81","2,531.68","2,562.28","2,531.20","4.77B","1.22%"
"04/20/2022","2,525.93","2,525.92","2,536.49","2,502.43","4.12B","0.27%"
"04/19/2022","2,519.24","2,524.02","2,533.33","2,490.96","5.16B","0.36%"
"04/18/2022","2,510.31","2,502.65","2,515.35","2,490.57","4.57B","0.64%"
"04/15/2022","2,494.37","2,475.21","2,497.41","2,471.73","3.44B","0.77%"
"04/14/2022","2,475.41","2,480.92","2,485.32","2,461.54","4.93B","0.61%"
"04/13/2022","2,460.43","2,482.66","2,497.83","2,435.14","5.35B","-0.14%"
"04/12/2022","2,463.76","2,449.34","2,474.70","2,421.54","6.20B","0.60%"
"04/11/2022","2,449.11","2,402.21","2,450.16","2,400.92","6.38B","2.33%"
"04/08/2022","2,393.39","2,361.15","2,395.02","2,361.03","4.83B","2.05%"
"04/07/2022","2,345.20","2,329.06","2,350.80","2,329.06","3.55B","1.24%"
"04/06/2022","2,316.40","2,328.45","2,348.17","2,308.27","3.87B","-0.43%"
"04/05/2022","2,326.29","2,317.48","2,343.49","2,303.67","4.70B","0.64%"
"04/04/2022","2,311.40","2,264.47","2,311.40","2,264.47","4.60B","2.65%"
"04/01/2022","2,251.68","2,238.73","2,255.14","2,230.35","3.59B","0.82%"
"03/31/2022","2,233.30","2,236.21","2,245.03","2,220.79","3.14B","0.14%"
"03/30/2022","2,230.15","2,212.78","2,233.53","2,212.78","3.58B","1.07%"
"03/29/2022","2,206.50","2,181.76","2,220.49","2,181.76","4.04B","1.57%"
"03/28/2022","2,172.48","2,180.21","2,192.92","2,170.24","2.83B","-0.14%"
"03/25/2022","2,175.51","2,179.50","2,195.23","2,173.64","2.11B","-0.03%"
"03/24/2022","2,176.20","2,187.06","2,199.16","2,171.51","2.71B","-0.32%"
"03/23/2022","2,183.10","2,195.45","2,203.66","2,170.41","3.00B","-0.26%"
"03/22/2022","2,188.81","2,150.96","2,188.81","2,146.32","2.62B","0.63%"
"03/21/2022","2,175.03","2,160.42","2,176.33","2,152.44","2.39B","1.43%"
"03/18/2022","2,144.26","2,141.09","2,148.67","2,132.64","2.22B","0.50%"
"03/17/2022","2,133.59","2,103.99","2,136.26","2,103.99","2.75B","2.14%"
"03/16/2022","2,088.80","2,092.07","2,098.49","2,078.20","2.39B","0.45%"
"03/15/2022","2,079.38","2,087.49","2,101.28","2,077.59","2.86B","-0.44%"
"03/14/2022","2,088.48","2,066.36","2,092.59","2,066.23","2.70B","1.69%"
"03/11/2022","2,053.85","2,045.71","2,067.69","2,042.94","2.93B","0.58%"
"03/10/2022","2,042.01","2,054.59","2,068.27","2,026.98","3.28B","-0.03%"
"03/09/2022","2,042.70","2,036.27","2,054.99","2,031.48","3.15B","1.56%"
"03/08/2022","2,011.35","1,987.00","2,032.07","1,986.03","3.05B","0.70%"
"03/07/2022","1,997.33","1,982.95","2,011.63","1,963.76","3.12B","0.33%"
"03/04/2022","1,990.75","2,013.91","2,024.07","1,990.75","2.90B","-1.61%"
"03/03/2022","2,023.29","2,009.33","2,047.01","2,009.33","2.61B","1.87%"
"03/02/2022","1,986.09","1,974.17","1,999.76","1,961.63","2.51B","0.82%"
"03/01/2022","1,969.91","1,969.13","1,994.28","1,946.48","3.19B","1.22%"
"02/28/2022","1,946.19","1,920.20","1,957.47","1,912.23","2.81B","-0.32%"
"02/25/2022","1,952.40","1,883.04","1,964.99","1,866.34","3.30B","5.46%"
"02/24/2022","1,851.38","1,953.15","1,953.15","1,826.83","2.43B","-8.17%"
"02/23/2022","2,016.03","2,034.26","2,043.39","2,016.03","2.27B","-0.07%"
"02/22/2022","2,017.46","2,007.03","2,032.82","1,979.94","2.68B","-1.01%"
"02/21/2022","2,038.06","2,050.09","2,060.69","2,015.38","2.27B","0.28%"
"02/18/2022","2,032.44","2,025.48","2,032.44","2,004.48","1.76B","1.12%"
"02/17/2022","2,009.99","2,049.74","2,059.05","2,009.99","2.58B","-1.54%"
"02/16/2022","2,041.43","2,049.91","2,057.88","2,036.25","2.12B","0.16%"
"02/15/2022","2,038.16","2,008.29","2,054.78","2,006.04","2.59B","1.81%"
"02/14/2022","2,001.94","2,024.95","2,026.90","1,971.11","2.99B","-2.39%"
"02/11/2022","2,051.05","2,038.67","2,052.38","1,992.30","2.48B","0.61%"
"02/10/2022","2,038.67","2,048.35","2,054.86","2,029.61","2.51B","-0.20%"
"02/09/2022","2,042.85","2,022.53","2,046.03","2,017.38","2.52B","1.78%"
"02/08/2022","2,007.14","1,998.55","2,019.27","1,982.07","2.39B","0.48%"
"02/07/2022","1,997.58","1,943.16","1,997.58","1,908.57","2.76B","2.77%"
"02/04/2022","1,943.81","1,969.73","1,974.21","1,936.97","2.07B","-0.72%"
"02/03/2022","1,957.90","1,995.68","2,013.64","1,949.21","2.54B","-2.21%"
"02/02/2022","2,002.24","2,028.88","2,032.68","1,994.31","3.06B","-0.65%"
"02/01/2022","2,015.43","2,013.97","2,034.85","2,008.69","2.30B","0.61%"
"01/31/2022","2,003.20","2,004.29","2,009.39","1,992.66","2.31B","1.01%"
"01/28/2022","1,983.18","2,006.79","2,019.43","1,976.68","2.83B","-0.73%"
"01/27/2022","1,997.69","1,920.21","1,997.69","1,913.54","2.54B","2.38%"
"01/26/2022","1,951.17","1,951.17","1,975.25","1,945.97","2.14B","0.31%"
"01/25/2022","1,945.07","1,927.82","1,953.33","1,880.18","2.65B","1.82%"
"01/24/2022","1,910.29","2,004.87","2,013.10","1,910.29","4.24B","-5.02%"
"01/21/2022","2,011.16","2,008.05","2,021.14","1,986.53","3.15B","-0.15%"
"01/20/2022","2,014.21","2,056.21","2,065.84","1,984.43","5.45B","-1.36%"
"01/19/2022","2,042.08","1,978.78","2,043.99","1,959.40","4.92B","3.14%"
"01/18/2022","1,979.83","2,082.81","2,086.27","1,979.83","4.15B","-5.08%"
"01/17/2022","2,085.76","2,088.53","2,102.97","2,083.55","3.85B","0.62%"
"01/14/2022","2,072.93","2,071.35","2,081.07","2,049.32","3.21B","0.11%"
"01/13/2022","2,070.65","2,057.47","2,086.96","2,054.48","3.40B","0.31%"
"01/12/2022","2,064.21","2,070.35","2,074.76","2,055.66","3.25B","0.89%"
"01/11/2022","2,046.03","2,060.08","2,068.17","2,017.99","3.87B","0.04%"
"01/10/2022","2,045.16","2,049.54","2,071.81","2,045.16","3.14B","0.58%"
"01/07/2022","2,033.32","2,020.27","2,036.08","1,994.45","3.50B","1.28%"
"01/06/2022","2,007.55","1,993.06","2,021.77","1,977.66","2.93B","0.11%"
"01/05/2022","2,005.29","1,965.52","2,006.79","1,954.74","2.39B","2.12%"
"01/04/2022","1,963.59","1,941.26","1,978.12","1,925.22","3.09B","1.92%"
"01/03/2022","1,926.66","1,871.25","1,926.66","1,864.79","2.29B","3.71%"
"12/31/2021","1,857.65","1,867.71","1,885.23","1,845.59","1.59B","-0.32%"
"12/30/2021","1,863.65","1,895.46","1,923.56","1,860.92","2.34B","-1.68%"
"12/29/2021","1,895.46","1,850.48","1,901.33","1,828.60","2.57B","2.43%"
"12/28/2021","1,850.48","1,913.31","1,916.17","1,830.87","2.58B","-2.46%"
"12/27/2021","1,897.13","1,898.66","1,942.53","1,873.30","3.01B","0.31%"
"12/24/2021","1,891.28","1,820.67","1,891.28","1,808.93","2.53B","4.76%"
"12/23/2021","1,805.30","1,835.33","1,849.33","1,726.32","3.81B","0.06%"
"12/22/2021","1,804.15","1,832.54","1,895.54","1,783.77","4.58B","-4.64%"
"12/21/2021","1,892.02","2,077.22","2,103.56","1,884.66","4.37B","-7.99%"
"12/20/2021","2,056.36","2,055.37","2,149.40","1,914.02","5.04B","-1.35%"
"12/17/2021","2,084.47","2,324.28","2,406.87","2,071.25","8.28B","-8.52%"
"12/16/2021","2,278.55","2,183.19","2,278.55","2,175.50","5.94B","5.38%"
"12/15/2021","2,162.26","2,190.61","2,195.07","2,145.63","5.56B","0.21%"
"12/14/2021","2,157.74","2,124.06","2,157.74","2,124.06","6.27B","2.68%"
"12/13/2021","2,101.51","2,047.64","2,115.89","2,047.64","4.77B","3.24%"
"12/10/2021","2,035.48","2,033.62","2,042.93","2,000.59","4.36B","0.20%"
"12/09/2021","2,031.44","2,010.20","2,053.47","2,010.20","4.97B","1.34%"
"12/08/2021","2,004.55","1,990.03","2,012.26","1,977.85","5.53B","1.19%"
"12/07/2021","1,981.04","1,944.56","1,984.03","1,942.50","4.35B","2.78%"
"12/06/2021","1,927.39","1,917.32","1,928.14","1,898.62","3.72B","0.89%"
"12/03/2021","1,910.41","1,896.82","1,914.13","1,893.67","3.68B","1.61%"
"12/02/2021","1,880.06","1,864.14","1,882.61","1,864.14","3.63B","1.22%"
"12/01/2021","1,857.40","1,823.06","1,857.83","1,823.06","3.83B","2.64%"
"11/30/2021","1,809.65","1,807.52","1,818.79","1,797.16","3.36B","0.05%"
"11/29/2021","1,808.79","1,783.06","1,811.87","1,776.77","3.04B","1.82%"
"11/26/2021","1,776.41","1,811.07","1,811.07","1,760.80","3.83B","-2.35%"
"11/25/2021","1,819.23","1,816.38","1,833.76","1,805.97","3.40B","0.38%"
"11/24/2021","1,812.30","1,798.96","1,834.51","1,798.96","5.03B","1.55%"
"11/23/2021","1,784.56","1,756.71","1,791.82","1,746.36","5.64B","1.66%"
"11/22/2021","1,755.48","1,751.05","1,759.16","1,741.17","2.70B","1.04%"
"11/19/2021","1,737.33","1,748.72","1,759.06","1,727.62","3.62B","0.03%"
"11/18/2021","1,736.88","1,710.05","1,759.19","1,697.86","6.13B","1.75%"
"11/17/2021","1,707.04","1,683.10","1,712.90","1,683.10","3.38B","1.27%"
"11/16/2021","1,685.60","1,715.41","1,725.02","1,681.78","4.89B","-0.99%"
"11/15/2021","1,702.49","1,672.35","1,710.79","1,672.35","4.67B","3.91%"
"11/12/2021","1,638.50","1,631.43","1,642.76","1,631.43","2.83B","0.83%"
"11/11/2021","1,625.06","1,622.02","1,643.82","1,621.49","4.06B","0.06%"
"11/10/2021","1,624.09","1,618.06","1,627.22","1,603.78","3.40B","0.52%"
"11/09/2021","1,615.64","1,612.01","1,631.45","1,605.41","4.44B","0.44%"
"11/08/2021","1,608.54","1,589.43","1,609.07","1,589.23","3.18B","1.58%"
"11/05/2021","1,583.59","1,575.83","1,586.59","1,568.82","3.14B","0.50%"
"11/04/2021","1,575.67","1,562.15","1,577.36","1,562.15","4.00B","1.85%"
"11/03/2021","1,547.03","1,532.93","1,547.03","1,491.67","4.39B","0.91%"
"11/02/2021","1,533.05","1,538.77","1,545.88","1,528.42","2.65B","-0.21%"
"11/01/2021","1,536.32","1,522.28","1,538.52","1,516.24","2.57B","0.94%"
"10/28/2021","1,522.04","1,518.91","1,524.65","1,516.54","1.10B","0.18%"
"10/27/2021","1,519.25","1,507.77","1,520.66","1,503.03","2.93B","0.67%"
"10/26/2021","1,509.20","1,501.17","1,512.74","1,501.17","2.25B","1.09%"
"10/25/2021","1,492.93","1,474.97","1,495.10","1,470.59","3.06B","0.88%"
"10/22/2021","1,479.93","1,456.07","1,484.89","1,453.97","2.71B","1.68%"
"10/21/2021","1,455.42","1,433.29","1,455.42","1,417.21","3.43B","1.58%"
"10/20/2021","1,432.80","1,432.24","1,437.93","1,427.67","2.21B","0.21%"
"10/19/2021","1,429.85","1,423.81","1,434.67","1,423.81","1.91B","0.86%"
"10/18/2021","1,417.70","1,411.38","1,419.22","1,407.87","2.05B","0.58%"
"10/15/2021","1,409.56","1,417.45","1,421.69","1,397.15","2.61B","-0.16%"
"10/14/2021","1,411.75","1,412.17","1,422.44","1,407.88","1.78B","-0.13%"
"10/13/2021","1,413.54","1,421.31","1,432.13","1,408.21","2.56B","-0.23%"
"10/12/2021","1,416.82","1,409.42","1,423.02","1,408.01","2.14B","0.04%"
"10/11/2021","1,416.30","1,401.59","1,419.70","1,401.59","1.70B","1.31%"
"10/08/2021","1,398.00","1,398.04","1,404.60","1,393.56","1.93B","0.08%"
"10/07/2021","1,396.92","1,385.05","1,397.93","1,385.05","2.05B","1.84%"
"10/06/2021","1,371.69","1,390.72","1,392.40","1,371.54","2.27B","-1.43%"
"10/05/2021","1,391.65","1,396.11","1,396.44","1,388.54","1.67B","-0.20%"
"10/04/2021","1,394.37","1,402.73","1,407.84","1,394.37","1.58B","-0.51%"
"10/01/2021","1,401.46","1,398.93","1,407.79","1,394.55","1.53B","-0.35%"
"09/30/2021","1,406.39","1,393.64","1,409.19","1,386.09","2.07B","1.04%"
"09/29/2021","1,391.92","1,392.13","1,396.67","1,389.85","1.72B","0.59%"
"09/28/2021","1,383.77","1,391.44","1,393.38","1,379.13","1.87B","-0.57%"
"09/27/2021","1,391.74","1,393.19","1,397.71","1,380.81","1.68B","0.51%"
"09/24/2021","1,384.68","1,397.36","1,397.36","1,376.01","2.03B","-1.20%"
"09/23/2021","1,401.46","1,409.28","1,417.45","1,394.35","2.68B","-0.43%"
"09/22/2021","1,407.46","1,393.25","1,407.46","1,385.48","1.50B","1.58%"
"09/21/2021","1,385.61","1,400.84","1,403.76","1,383.35","1.70B","-0.45%"
"09/20/2021","1,391.91","1,407.67","1,407.67","1,386.33","1.74B","-1.94%"
"09/17/2021","1,419.43","1,424.04","1,427.07","1,412.23","1.54B","0.10%"
"09/16/2021","1,418.03","1,423.95","1,434.74","1,412.78","1.54B","-0.42%"
"09/15/2021","1,423.97","1,433.86","1,440.90","1,420.38","1.61B","-0.73%"
"09/14/2021","1,434.43","1,440.67","1,443.50","1,428.96","1.74B","-0.27%"
"09/13/2021","1,438.28","1,439.75","1,447.96","1,433.75","1.60B","-0.03%"
"09/10/2021","1,438.72","1,455.46","1,457.10","1,437.62","1.51B","-0.96%"
"09/09/2021","1,452.67","1,430.98","1,452.67","1,427.77","1.69B","1.31%"
"09/08/2021","1,433.85","1,454.83","1,457.27","1,432.54","1.95B","-1.44%"
"09/07/2021","1,454.74","1,474.21","1,476.33","1,454.74","1.85B","-1.35%"
"09/06/2021","1,474.72","1,469.75","1,478.73","1,469.75","1.70B","0.41%"
"09/03/2021","1,468.67","1,480.35","1,482.11","1,464.80","1.77B","-0.71%"
"09/02/2021","1,479.12","1,474.85","1,484.95","1,472.05","1.53B","0.34%"
"09/01/2021","1,474.13","1,475.62","1,478.96","1,468.42","1.66B","0.14%"
"08/31/2021","1,472.07","1,467.18","1,474.47","1,463.01","1.89B","0.95%"
"08/27/2021","1,458.23","1,450.87","1,458.23","1,444.11","1.59B","0.67%"
"08/26/2021","1,448.52","1,456.00","1,463.79","1,445.17","1.71B","-0.33%"
"08/25/2021","1,453.30","1,465.28","1,471.43","1,451.92","1.86B","-0.86%"
"08/24/2021","1,465.89","1,465.18","1,472.46","1,463.91","1.66B","0.45%"
"08/23/2021","1,459.33","1,454.91","1,463.07","1,453.68","1.72B","1.02%"
"08/20/2021","1,444.63","1,439.62","1,449.27","1,432.40","1.63B","0.33%"
"08/19/2021","1,439.86","1,441.38","1,445.74","1,433.85","1.74B","-0.67%"
"08/18/2021","1,449.59","1,465.81","1,467.16","1,448.48","2.13B","-0.83%"
"08/17/2021","1,461.69","1,454.14","1,461.69","1,449.58","1.88B","0.44%"
"08/16/2021","1,455.25","1,451.33","1,461.96","1,451.33","2.05B","0.53%"
"08/13/2021","1,447.64","1,444.82","1,449.25","1,440.09","1.39B","0.22%"
"08/12/2021","1,444.46","1,419.69","1,447.63","1,419.69","2.03B","2.38%"
"08/11/2021","1,410.87","1,438.92","1,439.48","1,409.81","2.14B","-1.85%"
"08/10/2021","1,437.46","1,429.51","1,441.81","1,426.47","1.93B","0.34%"
"08/09/2021","1,432.61","1,436.85","1,443.29","1,431.75","1.85B","-0.15%"
"08/06/2021","1,434.76","1,433.60","1,440.53","1,425.06","1.87B","0.21%"
"08/05/2021","1,431.78","1,409.05","1,431.78","1,407.56","2.07B","1.27%"
"08/04/2021","1,413.80","1,411.90","1,422.34","1,411.90","1.99B","0.35%"
"08/03/2021","1,408.81","1,402.26","1,409.36","1,394.27","2.33B","0.65%"
"08/02/2021","1,399.65","1,397.98","1,405.63","1,394.66","2.22B","0.48%"
"07/30/2021","1,392.91","1,383.25","1,392.91","1,380.02","1.84B","0.09%"
"07/29/2021","1,391.64","1,370.52","1,393.37","1,370.52","1.63B","2.27%"
"07/28/2021","1,360.75","1,358.79","1,367.63","1,355.23","1.41B","0.09%"
"07/27/2021","1,359.55","1,348.08","1,360.50","1,341.93","1.49B","0.77%"
"07/26/2021","1,349.11","1,355.54","1,362.57","1,345.52","1.48B","-0.18%"
"07/19/2021","1,351.59","1,357.93","1,357.93","1,348.39","498.07M","-0.86%"
"07/16/2021","1,363.28","1,370.32","1,373.63","1,356.95","999.35M","-0.29%"
"07/14/2021","1,367.25","1,349.22","1,368.98","1,349.22","1.15B","1.52%"
"07/13/2021","1,346.84","1,358.27","1,360.14","1,341.52","1.38B","-0.75%"
"07/12/2021","1,356.96","1,378.63","1,382.45","1,355.23","1.64B","-1.55%"
"07/09/2021","1,378.28","1,374.44","1,381.74","1,371.53","1.46B","0.39%"
"07/08/2021","1,372.98","1,387.74","1,390.89","1,372.54","1.55B","-1.27%"
"07/07/2021","1,390.58","1,384.57","1,392.84","1,383.97","1.55B","0.58%"
"07/06/2021","1,382.58","1,394.72","1,399.90","1,382.58","1.79B","-0.72%"
"07/05/2021","1,392.64","1,375.97","1,392.64","1,375.72","1.34B","1.16%"
"07/02/2021","1,376.67","1,376.88","1,379.79","1,367.68","1.31B","0.28%"
"07/01/2021","1,372.78","1,358.20","1,372.78","1,358.20","1.35B","1.21%"
"06/30/2021","1,356.34","1,374.94","1,376.71","1,352.23","1.85B","-1.12%"
"06/29/2021","1,371.67","1,371.96","1,374.74","1,351.64","1.95B","-0.12%"
"06/28/2021","1,373.25","1,395.16","1,397.55","1,368.24","2.04B","-1.34%"
"06/25/2021","1,391.86","1,413.99","1,414.88","1,391.69","1.50B","-1.34%"
"06/24/2021","1,410.79","1,405.26","1,416.14","1,405.17","1.77B","0.60%"
"06/23/2021","1,402.35","1,415.44","1,419.77","1,401.32","2.10B","-0.53%"
"06/22/2021","1,409.85","1,402.88","1,411.44","1,394.25","1.75B","0.81%"
"06/21/2021","1,398.52","1,388.20","1,398.52","1,378.34","1.86B","0.54%"
"06/18/2021","1,391.06","1,417.95","1,422.29","1,388.71","2.10B","-1.63%"
"06/17/2021","1,414.15","1,423.00","1,429.23","1,413.58","2.11B","-1.20%"
"06/16/2021","1,431.31","1,441.36","1,444.79","1,431.31","1.74B","-0.78%"
"06/15/2021","1,442.56","1,451.06","1,456.56","1,431.70","2.81B","-0.80%"
"06/14/2021","1,454.25","1,466.57","1,468.95","1,450.67","1.85B","-0.45%"
"06/11/2021","1,460.86","1,461.22","1,464.49","1,455.39","2.23B","0.29%"
"06/10/2021","1,456.68","1,453.24","1,461.97","1,449.64","2.40B","0.52%"
"06/09/2021","1,449.17","1,449.85","1,453.36","1,445.69","2.04B","0.11%"
"06/08/2021","1,447.59","1,447.49","1,453.90","1,443.39","1.95B","0.04%"
"06/07/2021","1,447.08","1,433.96","1,450.55","1,432.64","1.97B","0.99%"
"06/04/2021","1,432.93","1,428.91","1,435.24","1,427.40","1.87B","0.34%"
"06/03/2021","1,428.13","1,434.72","1,441.15","1,411.52","2.64B","-0.18%"
"06/02/2021","1,430.73","1,420.40","1,434.79","1,418.77","2.23B","-0.09%"
"06/01/2021","1,432.04","1,424.47","1,433.55","1,423.00","2.08B","0.81%"
"05/31/2021","1,420.49","1,423.09","1,427.44","1,414.32","2.04B","-0.11%"
"05/28/2021","1,422.06","1,413.12","1,422.80","1,401.25","2.10B","0.50%"
"05/27/2021","1,415.03","1,426.55","1,428.87","1,411.46","2.54B","-0.84%"
"05/26/2021","1,427.06","1,413.12","1,427.06","1,392.87","2.65B","1.92%"
"05/25/2021","1,400.22","1,457.48","1,459.26","1,400.22","3.34B","-3.58%"
"05/24/2021","1,452.18","1,453.69","1,457.77","1,441.70","2.02B","0.02%"
"05/21/2021","1,451.84","1,456.44","1,462.28","1,449.28","1.97B","0.14%"
"05/20/2021","1,449.82","1,451.87","1,454.81","1,439.36","2.33B","-0.67%"
"05/18/2021","1,459.57","1,461.15","1,465.56","1,459.57","2.16B","0.37%"
"05/17/2021","1,454.25","1,446.96","1,455.48","1,445.61","1.99B","0.90%"
"05/12/2021","1,441.33","1,441.41","1,444.98","1,437.66","922.31M","-0.25%"
"05/11/2021","1,444.87","1,447.96","1,455.89","1,438.38","2.48B","-1.10%"
"05/10/2021","1,460.90","1,448.99","1,462.47","1,447.91","2.49B","1.36%"
"05/07/2021","1,441.33","1,432.25","1,444.79","1,423.39","4.00B","0.95%"
"05/06/2021","1,427.73","1,422.56","1,434.72","1,422.56","2.29B","0.54%"
"05/05/2021","1,420.00","1,419.58","1,425.04","1,409.33","1.79B","0.26%"
"05/04/2021","1,416.25","1,423.21","1,428.07","1,411.00","2.28B","-0.34%"
"05/03/2021","1,421.15","1,400.15","1,421.15","1,400.15","1.95B","1.67%"
"04/30/2021","1,397.82","1,399.05","1,405.91","1,396.49","1.84B","-0.26%"
"04/29/2021","1,401.52","1,390.92","1,406.51","1,390.92","1.55B","1.13%"
"04/28/2021","1,385.91","1,391.47","1,394.64","1,379.93","1.69B","-0.44%"
"04/27/2021","1,392.00","1,381.73","1,397.61","1,381.73","1.87B","1.31%"
"04/26/2021","1,374.00","1,343.85","1,374.00","1,343.58","1.95B","2.14%"
"04/22/2021","1,345.15","1,320.16","1,345.50","1,309.23","2.09B","1.10%"
"04/21/2021","1,330.48","1,363.87","1,365.50","1,308.52","2.31B","-2.55%"
"04/20/2021","1,365.27","1,376.37","1,385.88","1,357.26","2.56B","-0.87%"
"04/19/2021","1,377.23","1,409.85","1,416.03","1,377.23","2.49B","-2.20%"
"04/16/2021","1,408.14","1,405.50","1,412.56","1,400.49","2.32B","0.03%"
"04/15/2021","1,407.76","1,409.76","1,418.52","1,398.28","4.19B","-0.10%"
"04/14/2021","1,409.19","1,380.71","1,409.19","1,380.71","2.63B","2.24%"
"04/13/2021","1,378.37","1,380.11","1,386.36","1,352.74","2.86B","0.18%"
"04/12/2021","1,375.91","1,393.47","1,398.12","1,374.67","2.30B","-1.24%"
"04/09/2021","1,393.24","1,413.18","1,414.95","1,373.65","2.87B","-1.65%"
"04/08/2021","1,416.55","1,422.22","1,430.34","1,415.06","2.10B","-0.09%"
"04/07/2021","1,417.89","1,420.94","1,422.48","1,402.36","2.78B","-0.19%"
"04/06/2021","1,420.59","1,442.88","1,445.13","1,419.66","2.65B","-1.49%"
"04/05/2021","1,442.06","1,428.99","1,443.02","1,428.88","2.56B","0.83%"
"04/02/2021","1,430.19","1,434.91","1,438.88","1,423.51","2.19B","0.25%"
"04/01/2021","1,426.56","1,399.34","1,426.56","1,399.34","3.17B","2.50%"
"03/31/2021","1,391.73","1,397.47","1,403.75","1,389.86","2.34B","-0.29%"
"03/30/2021","1,395.79","1,392.84","1,400.77","1,371.43","3.35B","0.23%"
"03/29/2021","1,392.57","1,385.74","1,398.89","1,382.47","2.67B","0.75%"
"03/26/2021","1,382.15","1,409.20","1,412.35","1,359.15","2.95B","-0.88%"
"03/25/2021","1,394.36","1,416.99","1,432.62","1,394.19","3.51B","-1.38%"
"03/24/2021","1,413.86","1,377.37","1,421.93","1,371.72","4.12B","2.64%"
"03/23/2021","1,377.43","1,335.76","1,402.99","1,256.32","5.74B","-0.13%"
"03/22/2021","1,379.25","1,491.99","1,491.99","1,378.56","1.96B","-9.79%"
"03/19/2021","1,528.99","1,548.53","1,553.93","1,511.29","3.19B","-1.41%"
"03/18/2021","1,550.93","1,567.79","1,574.56","1,548.24","3.57B","-0.72%"
"03/17/2021","1,562.11","1,574.78","1,589.47","1,562.11","2.85B","-0.53%"
"03/16/2021","1,570.42","1,561.41","1,572.91","1,557.54","2.17B","0.96%"
"03/15/2021","1,555.47","1,558.78","1,566.39","1,553.49","2.09B","-0.12%"
"03/12/2021","1,557.39","1,558.33","1,561.65","1,549.31","2.62B","0.06%"
"03/11/2021","1,556.49","1,574.58","1,580.03","1,551.88","3.10B","-0.54%"
"03/10/2021","1,564.94","1,551.30","1,565.97","1,551.30","3.00B","1.02%"
"03/09/2021","1,549.15","1,542.04","1,553.23","1,534.99","3.05B","1.23%"
"03/08/2021","1,530.27","1,549.62","1,553.81","1,526.58","3.56B","-0.76%"
"03/05/2021","1,541.98","1,534.40","1,546.08","1,528.47","3.40B","0.26%"
"03/04/2021","1,538.04","1,527.07","1,542.65","1,523.20","3.30B","0.46%"
"03/03/2021","1,531.05","1,538.80","1,553.96","1,526.54","4.18B","0.15%"
"03/02/2021","1,528.82","1,526.36","1,537.46","1,518.51","4.70B","0.09%"
"03/01/2021","1,527.45","1,491.88","1,527.45","1,491.13","3.24B","3.81%"
"02/26/2021","1,471.39","1,457.18","1,480.04","1,443.17","3.71B","-1.13%"
"02/25/2021","1,488.21","1,510.32","1,514.81","1,460.36","4.43B","0.35%"
"02/24/2021","1,483.02","1,506.53","1,523.19","1,483.02","4.25B","-2.30%"
"02/23/2021","1,517.86","1,558.03","1,560.29","1,515.25","5.10B","-2.11%"
"02/22/2021","1,550.61","1,563.08","1,569.84","1,547.49","4.05B","-0.62%"
"02/19/2021","1,560.34","1,551.54","1,567.42","1,550.14","4.24B","0.90%"
"02/18/2021","1,546.41","1,548.04","1,562.83","1,544.22","4.68B","0.38%"
"02/17/2021","1,540.59","1,550.49","1,553.41","1,529.93","5.05B","-0.14%"
"02/16/2021","1,542.82","1,569.12","1,575.70","1,522.08","5.63B","-1.26%"
"02/15/2021","1,562.49","1,551.12","1,565.83","1,547.38","2.96B","1.56%"
"02/12/2021","1,538.44","1,542.50","1,548.69","1,526.72","3.02B","-0.46%"
"02/11/2021","1,545.59","1,548.69","1,558.08","1,543.67","3.34B","-0.10%"
"02/10/2021","1,547.11","1,553.41","1,556.70","1,536.44","3.95B","0.20%"
"02/09/2021","1,544.05","1,538.53","1,551.83","1,535.59","5.43B","0.60%"
"02/08/2021","1,534.91","1,540.22","1,542.44","1,519.00","6.52B","0.51%"
"02/05/2021","1,527.17","1,544.79","1,549.51","1,527.17","3.82B","-0.50%"
"02/04/2021","1,534.90","1,537.65","1,544.63","1,530.82","4.22B","0.09%"
"02/03/2021","1,533.55","1,520.70","1,533.55","1,509.18","5.13B","1.46%"
"02/02/2021","1,511.43","1,505.09","1,517.53","1,500.04","4.77B","1.27%"
"02/01/2021","1,492.45","1,484.86","1,500.88","1,471.54","3.82B","1.29%"
"01/29/2021","1,473.45","1,485.21","1,495.54","1,469.55","4.51B","-1.66%"
"01/28/2021","1,498.32","1,453.37","1,498.43","1,431.32","5.83B","2.13%"
"01/27/2021","1,467.00","1,536.13","1,541.01","1,467.00","5.79B","-4.50%"
"01/26/2021","1,536.11","1,538.03","1,548.61","1,516.81","5.30B","-0.27%"
"01/25/2021","1,540.21","1,556.57","1,560.13","1,536.97","4.81B","-0.15%"
"01/22/2021","1,542.45","1,551.47","1,555.59","1,525.93","4.69B","-0.59%"
"01/21/2021","1,551.57","1,578.03","1,582.04","1,551.57","5.61B","-1.13%"
"01/20/2021","1,569.35","1,573.37","1,574.30","1,552.10","4.56B","0.28%"
"01/19/2021","1,565.01","1,569.56","1,578.30","1,561.02","4.84B","0.53%"
"01/18/2021","1,556.77","1,525.45","1,558.81","1,508.90","4.68B","2.12%"
"01/15/2021","1,524.49","1,536.82","1,547.84","1,516.14","4.76B","-1.43%"
"01/14/2021","1,546.60","1,567.11","1,568.06","1,542.17","4.81B","-0.81%"
"01/13/2021","1,559.28","1,559.77","1,567.88","1,545.26","4.88B","0.63%"
"01/12/2021","1,549.53","1,549.04","1,556.35","1,537.38","5.17B","0.87%"
"01/11/2021","1,536.19","1,539.96","1,557.45","1,522.25","5.41B","-0.29%"
"01/08/2021","1,540.61","1,526.51","1,542.75","1,519.80","5.50B","1.21%"
"01/07/2021","1,522.24","1,511.60","1,522.70","1,505.70","6.18B","1.12%"
"01/06/2021","1,505.42","1,501.61","1,509.49","1,497.09","5.33B","1.06%"
"01/05/2021","1,489.56","1,492.19","1,506.89","1,474.76","6.66B","-0.39%"
"01/04/2021","1,495.43","1,482.17","1,500.01","1,478.70","5.17B","1.27%"
"12/31/2020","1,476.72","1,480.81","1,484.37","1,470.28","3.42B","-0.22%"
"12/30/2020","1,479.91","1,463.07","1,483.16","1,463.07","4.19B","1.39%"
"12/29/2020","1,459.69","1,442.97","1,459.69","1,436.21","3.42B","1.42%"
"12/28/2020","1,439.29","1,431.67","1,442.79","1,431.67","2.98B","0.93%"
"12/25/2020","1,426.03","1,429.07","1,438.49","1,422.71","2.63B","0.00%"
"12/24/2020","1,426.00","1,420.15","1,432.28","1,415.35","5.26B","0.59%"
"12/23/2020","1,417.66","1,409.15","1,420.77","1,409.15","5.13B","0.90%"
"12/22/2020","1,404.97","1,393.57","1,410.82","1,391.69","4.51B","1.48%"
"12/21/2020","1,384.43","1,401.65","1,401.65","1,368.58","5.00B","-1.70%"
"12/18/2020","1,408.32","1,398.26","1,410.32","1,396.03","4.46B","0.64%"
"12/17/2020","1,399.36","1,403.10","1,406.10","1,392.47","4.45B","0.50%"
"12/16/2020","1,392.45","1,404.25","1,409.78","1,384.98","5.02B","-0.21%"
"12/15/2020","1,395.40","1,392.74","1,399.86","1,385.19","5.28B","0.49%"
"12/14/2020","1,388.55","1,378.19","1,394.58","1,378.19","4.63B","1.30%"
"12/11/2020","1,370.70","1,351.84","1,371.00","1,342.58","5.15B","1.28%"
"12/10/2020","1,353.36","1,353.39","1,366.78","1,346.52","5.90B","0.23%"
"12/09/2020","1,350.32","1,342.42","1,360.63","1,342.42","5.51B","0.78%"
"12/08/2020","1,339.89","1,331.63","1,348.30","1,331.63","5.31B","0.75%"
"12/07/2020","1,329.90","1,329.96","1,336.68","1,326.13","4.88B","-0.07%"
"12/04/2020","1,330.87","1,331.62","1,337.88","1,326.20","5.30B","0.00%"
"12/03/2020","1,330.85","1,327.62","1,335.77","1,315.52","5.74B","0.40%"
"12/02/2020","1,325.49","1,326.76","1,338.95","1,318.39","4.57B","0.02%"
"12/01/2020","1,325.29","1,302.25","1,325.29","1,287.62","4.61B","3.25%"
"11/30/2020","1,283.58","1,314.43","1,316.52","1,283.58","5.12B","-3.40%"
"11/27/2020","1,328.73","1,348.47","1,351.65","1,324.72","5.61B","-1.02%"
"11/26/2020","1,342.49","1,334.67","1,343.93","1,326.06","4.25B","1.28%"
"11/25/2020","1,325.47","1,330.07","1,341.91","1,323.42","5.58B","0.34%"
"11/24/2020","1,320.98","1,323.16","1,334.26","1,308.69","6.99B","0.51%"
"11/23/2020","1,314.25","1,329.29","1,336.14","1,299.27","5.84B","-0.73%"
"11/20/2020","1,323.95","1,315.69","1,328.33","1,315.59","4.81B","0.83%"
"11/19/2020","1,313.02","1,293.73","1,325.70","1,277.69","9.46B","1.41%"
"11/18/2020","1,294.72","1,264.06","1,294.72","1,264.06","6.31B","2.78%"
"11/17/2020","1,259.72","1,291.65","1,293.01","1,259.69","4.56B","-2.57%"
"11/16/2020","1,292.99","1,304.70","1,309.98","1,291.48","4.34B","0.13%"
"11/13/2020","1,291.29","1,277.06","1,292.83","1,272.76","5.39B","1.54%"
"11/12/2020","1,271.75","1,284.52","1,303.81","1,262.58","8.86B","-0.58%"
"11/11/2020","1,279.22","1,249.87","1,284.62","1,248.43","8.66B","2.91%"
"11/10/2020","1,243.00","1,226.73","1,244.37","1,218.83","5.13B","0.93%"
"11/09/2020","1,231.54","1,214.42","1,235.30","1,211.16","5.96B","3.32%"
"11/06/2020","1,191.96","1,180.49","1,192.24","1,177.05","4.68B","1.01%"
"11/05/2020","1,180.02","1,172.77","1,184.61","1,165.83","4.97B","1.06%"
"11/04/2020","1,167.65","1,155.48","1,170.94","1,154.00","4.69B","1.47%"
"11/03/2020","1,150.71","1,138.60","1,155.96","1,122.64","4.44B","1.51%"
"11/02/2020","1,133.59","1,119.72","1,143.45","1,117.68","5.57B","1.91%"
"10/30/2020","1,112.37","1,120.85","1,120.85","1,095.72","6.60B","-1.30%"
"10/28/2020","1,126.99","1,150.10","1,152.61","1,126.99","2.52B","-2.22%"
"10/27/2020","1,152.63","1,143.89","1,157.87","1,133.73","5.15B","0.71%"
"10/26/2020","1,144.45","1,183.61","1,183.61","1,141.58","5.59B","-3.88%"
"10/23/2020","1,190.63","1,200.38","1,204.55","1,179.46","4.40B","-0.64%"
"10/22/2020","1,198.32","1,213.64","1,216.03","1,196.58","5.67B","-1.09%"
"10/21/2020","1,211.51","1,220.88","1,222.95","1,209.31","4.13B","0.09%"
"10/20/2020","1,210.41","1,208.24","1,213.65","1,202.35","4.24B","0.42%"
"10/19/2020","1,205.37","1,195.46","1,209.47","1,195.46","4.24B","1.06%"
"10/16/2020","1,192.73","1,184.97","1,193.83","1,183.08","3.95B","1.04%"
"10/15/2020","1,180.43","1,188.41","1,191.52","1,175.20","4.41B","-0.74%"
"10/14/2020","1,189.29","1,177.08","1,189.66","1,172.59","5.86B","1.24%"
"10/13/2020","1,174.70","1,180.98","1,181.57","1,170.79","3.91B","-0.31%"
"10/12/2020","1,178.35","1,169.16","1,181.57","1,169.12","4.25B","1.09%"
"10/09/2020","1,165.70","1,152.78","1,166.50","1,150.97","3.66B","1.32%"
"10/08/2020","1,150.49","1,156.74","1,159.41","1,143.33","3.16B","-0.17%"
"10/07/2020","1,152.41","1,150.10","1,156.88","1,147.43","3.25B","-0.11%"
"10/06/2020","1,153.71","1,165.12","1,170.48","1,153.71","3.71B","-0.60%"
"10/05/2020","1,160.71","1,150.79","1,161.03","1,150.79","2.54B","1.37%"
"10/02/2020","1,145.03","1,138.91","1,150.35","1,137.55","3.45B","0.13%"
"10/01/2020","1,143.51","1,150.07","1,155.38","1,142.77","3.51B","-0.15%"
"09/30/2020","1,145.24","1,128.96","1,146.73","1,128.96","4.31B","1.96%"
"09/29/2020","1,123.25","1,123.65","1,132.27","1,112.39","3.80B","0.19%"
"09/28/2020","1,121.17","1,124.68","1,130.68","1,116.34","3.34B","-0.27%"
"09/25/2020","1,124.17","1,129.03","1,135.07","1,123.76","3.99B","0.41%"
"09/24/2020","1,119.56","1,098.88","1,120.73","1,097.01","4.09B","1.53%"
"09/23/2020","1,102.65","1,101.04","1,109.81","1,098.82","2.99B","0.59%"
"09/22/2020","1,096.16","1,088.67","1,097.51","1,084.93","2.92B","0.84%"
"09/21/2020","1,087.03","1,111.82","1,115.14","1,085.73","3.29B","-2.24%"
"09/18/2020","1,111.96","1,112.68","1,115.82","1,109.57","2.69B","0.12%"
"09/17/2020","1,110.66","1,105.74","1,110.66","1,100.27","2.66B","0.32%"
"09/16/2020","1,107.11","1,113.54","1,116.57","1,104.69","2.15B","-0.37%"
"09/15/2020","1,111.24","1,110.55","1,118.70","1,096.65","3.42B","0.36%"
"09/14/2020","1,107.29","1,105.31","1,110.34","1,103.41","3.09B","0.42%"
"09/11/2020","1,102.70","1,100.75","1,104.76","1,096.79","2.84B","0.33%"
"09/10/2020","1,099.06","1,101.01","1,105.98","1,093.58","4.10B","-0.06%"
"09/09/2020","1,099.68","1,089.39","1,099.81","1,087.49","3.33B","0.93%"
"09/08/2020","1,089.60","1,101.56","1,102.80","1,085.23","2.39B","-0.66%"
"09/07/2020","1,096.81","1,089.54","1,097.77","1,089.54","2.27B","0.97%"
"09/04/2020","1,086.32","1,075.57","1,090.03","1,072.80","2.59B","0.93%"
"09/03/2020","1,076.34","1,085.88","1,091.11","1,074.34","2.35B","-0.70%"
"09/02/2020","1,083.91","1,086.09","1,091.30","1,079.83","2.61B","-0.12%"
"09/01/2020","1,085.19","1,081.66","1,086.29","1,064.42","2.79B","0.61%"
"08/31/2020","1,078.61","1,101.78","1,102.38","1,076.07","2.92B","-1.99%"
"08/28/2020","1,100.55","1,112.88","1,113.55","1,094.84","2.91B","-0.76%"
"08/27/2020","1,108.93","1,107.55","1,111.60","1,102.01","2.90B","0.90%"
"08/26/2020","1,099.02","1,090.10","1,104.65","1,085.99","3.17B","0.63%"
"08/25/2020","1,092.16","1,114.05","1,118.24","1,083.14","3.13B","-1.47%"
"08/24/2020","1,108.44","1,111.21","1,118.11","1,106.23","3.09B","-0.13%"
"08/21/2020","1,109.88","1,132.90","1,141.32","1,106.71","5.66B","-1.50%"
"08/20/2020","1,126.80","1,124.97","1,131.70","1,113.93","4.22B","0.19%"
"08/19/2020","1,124.71","1,099.41","1,125.80","1,099.41","4.00B","2.95%"
"08/18/2020","1,092.46","1,087.75","1,100.59","1,084.47","2.63B","0.58%"
"08/17/2020","1,086.20","1,085.52","1,090.16","1,077.29","2.79B","0.22%"
"08/14/2020","1,083.83","1,093.52","1,096.18","1,077.32","3.14B","-1.49%"
"08/13/2020","1,100.26","1,119.48","1,125.92","1,095.84","3.87B","-1.25%"
"08/12/2020","1,114.18","1,114.90","1,119.29","1,096.46","4.62B","0.37%"
"08/11/2020","1,110.05","1,082.24","1,112.44","1,082.24","4.70B","3.21%"
"08/10/2020","1,075.52","1,055.58","1,078.94","1,039.00","3.80B","1.41%"
"08/07/2020","1,060.59","1,030.33","1,062.07","985.38","6.04B","2.53%"
"08/06/2020","1,034.40","1,090.61","1,093.68","1,033.82","5.07B","-5.26%"
"08/05/2020","1,091.80","1,095.29","1,100.56","1,066.13","4.57B","0.43%"
"08/04/2020","1,087.16","1,140.39","1,143.26","1,064.91","4.29B","-3.53%"
"07/30/2020","1,126.90","1,137.17","1,137.17","1,124.60","1.40B","-0.76%"
"07/29/2020","1,135.55","1,156.04","1,159.74","1,120.96","4.35B","-1.49%"
"07/28/2020","1,152.70","1,197.10","1,198.16","1,152.70","4.09B","-3.59%"
"07/27/2020","1,195.67","1,199.57","1,203.42","1,194.35","2.73B","0.31%"
"07/24/2020","1,192.02","1,185.01","1,192.02","1,182.21","3.17B","0.14%"
"07/23/2020","1,190.31","1,187.14","1,196.72","1,185.85","3.51B","0.81%"
"07/22/2020","1,180.80","1,188.16","1,193.72","1,175.36","5.16B","0.03%"
"07/21/2020","1,180.42","1,201.71","1,205.86","1,171.60","4.74B","-1.04%"
"07/20/2020","1,192.81","1,188.44","1,197.47","1,185.83","3.55B","0.42%"
"07/17/2020","1,187.86","1,188.65","1,191.61","1,183.61","2.83B","-0.02%"
"07/16/2020","1,188.08","1,187.35","1,194.51","1,186.85","3.86B","0.91%"
"07/14/2020","1,177.41","1,181.14","1,186.58","1,170.02","5.17B","-0.56%"
"07/13/2020","1,183.99","1,162.62","1,183.99","1,161.26","4.46B","3.13%"
"07/10/2020","1,148.09","1,154.51","1,154.51","1,128.29","5.03B","-0.85%"
"07/09/2020","1,157.94","1,193.49","1,196.86","1,156.34","5.27B","-2.46%"
"07/08/2020","1,187.13","1,196.03","1,202.03","1,185.77","5.92B","-0.52%"
"07/07/2020","1,193.39","1,187.92","1,197.45","1,170.75","7.67B","0.72%"
"07/06/2020","1,184.85","1,166.74","1,185.12","1,166.74","4.54B","2.36%"
"07/03/2020","1,157.48","1,173.16","1,173.91","1,153.12","4.56B","-0.99%"
"07/02/2020","1,169.08","1,158.44","1,171.78","1,157.46","4.35B","1.38%"
"07/01/2020","1,153.15","1,171.68","1,173.58","1,151.23","5.28B","-1.04%"
"06/30/2020","1,165.25","1,164.26","1,169.71","1,161.47","5.39B","0.59%"
"06/29/2020","1,158.43","1,147.76","1,160.15","1,144.32","3.74B","1.02%"
"06/26/2020","1,146.68","1,151.17","1,153.55","1,143.89","3.09B","0.46%"
"06/25/2020","1,141.39","1,143.92","1,149.75","1,134.20","3.64B","-0.27%"
"06/24/2020","1,144.49","1,153.69","1,156.27","1,143.33","4.25B","-0.77%"
"06/23/2020","1,153.39","1,156.17","1,162.79","1,150.60","4.70B","0.13%"
"06/22/2020","1,151.90","1,147.01","1,154.47","1,142.67","4.31B","1.39%"
"06/19/2020","1,136.12","1,135.61","1,143.38","1,128.58","4.89B","0.99%"
"06/18/2020","1,124.95","1,111.17","1,126.76","1,111.17","4.05B","1.40%"
"06/17/2020","1,109.40","1,112.81","1,116.15","1,104.14","3.20B","0.00%"
"06/16/2020","1,109.40","1,108.15","1,118.75","1,107.06","3.73B","1.26%"
"06/15/2020","1,095.56","1,093.93","1,100.67","1,087.16","2.98B","-0.25%"
"06/12/2020","1,098.35","1,084.85","1,101.27","1,078.33","2.88B","0.62%"
"06/11/2020","1,091.55","1,093.74","1,101.58","1,087.45","3.45B","-0.57%"
"06/10/2020","1,097.79","1,096.00","1,104.10","1,093.92","3.51B","0.50%"
"06/09/2020","1,092.37","1,099.45","1,103.30","1,084.56","2.84B","-0.36%"
"06/08/2020","1,096.37","1,103.32","1,110.43","1,092.48","2.52B","-0.35%"
"06/05/2020","1,100.22","1,101.43","1,106.02","1,095.46","2.00B","0.44%"
"06/04/2020","1,095.37","1,093.84","1,098.53","1,087.79","2.92B","0.39%"
"06/03/2020","1,091.11","1,089.26","1,092.31","1,083.27","2.90B","0.94%"
"06/02/2020","1,080.97","1,077.88","1,084.84","1,070.99","3.03B","0.77%"
"06/01/2020","1,072.66","1,064.81","1,073.72","1,063.57","2.84B","1.65%"
"05/29/2020","1,055.20","1,051.83","1,056.69","1,046.71","2.85B","0.15%"
"05/28/2020","1,053.60","1,055.56","1,062.92","1,045.35","2.68B","0.39%"
"05/27/2020","1,049.54","1,037.98","1,054.95","1,037.98","2.55B","1.87%"
"05/22/2020","1,030.24","1,024.54","1,033.07","1,020.14","1.57B","0.37%"
"05/21/2020","1,026.49","1,022.24","1,032.27","1,021.49","2.06B","0.48%"
"05/20/2020","1,021.58","1,024.92","1,029.98","1,019.68","2.07B","0.17%"
"05/18/2020","1,019.83","1,008.97","1,022.25","1,008.97","2.42B","2.22%"
"05/15/2020","997.68","996.78","1,008.13","996.78","1.88B","0.58%"
"05/14/2020","991.93","1,000.08","1,003.81","984.94","2.33B","-0.96%"
"05/13/2020","1,001.59","997.05","1,008.65","994.43","2.39B","0.55%"
"05/12/2020","996.16","979.26","997.08","977.40","2.54B","1.87%"
"05/11/2020","977.92","984.20","986.41","977.92","2.09B","-0.05%"
"05/08/2020","978.45","989.03","995.14","976.72","2.60B","-0.56%"
"05/07/2020","983.99","985.80","992.73","978.00","2.39B","-0.17%"
"05/06/2020","985.71","988.86","992.80","980.69","2.28B","-0.17%"
"05/05/2020","987.38","996.34","997.91","978.80","2.04B","-0.11%"
"05/04/2020","988.42","1,002.54","1,002.54","983.06","1.70B","-2.24%"
"04/30/2020","1,011.10","1,019.96","1,023.28","993.60","2.32B","-0.48%"
"04/29/2020","1,015.95","1,012.12","1,017.43","1,005.79","2.14B","0.88%"
"04/28/2020","1,007.07","1,015.43","1,019.18","1,006.21","2.48B","-0.55%"
"04/27/2020","1,012.67","1,000.86","1,013.61","1,000.86","2.56B","2.54%"
"04/24/2020","987.59","984.49","994.97","979.29","2.24B","0.60%"
"04/22/2020","981.71","981.29","989.62","978.97","2.29B","0.57%"
"04/21/2020","976.19","983.68","985.03","972.76","2.23B","-1.34%"
"04/20/2020","989.46","986.62","992.67","980.68","2.21B","0.78%"
"04/17/2020","981.80","982.87","987.59","976.01","2.33B","2.01%"
"04/16/2020","962.49","967.06","970.65","953.30","2.09B","0.41%"
"04/15/2020","958.55","989.45","990.44","946.02","2.44B","-2.73%"
"04/14/2020","985.50","974.91","986.30","972.73","2.40B","2.23%"
"04/13/2020","963.99","954.63","973.12","950.19","1.99B","-0.07%"
"04/10/2020","964.71","962.01","974.83","953.52","2.23B","0.66%"
"04/09/2020","958.34","942.75","958.34","936.29","2.85B","2.80%"
"04/08/2020","932.25","924.82","932.75","918.03","1.69B","0.91%"
"04/07/2020","923.82","931.74","947.79","923.82","2.82B","0.34%"
"04/06/2020","920.71","909.89","921.58","906.31","1.79B","2.81%"
"04/03/2020","895.53","896.14","899.69","890.43","1.57B","0.05%"
"04/02/2020","895.11","897.48","904.09","880.82","2.38B","0.48%"
"04/01/2020","890.85","882.86","903.99","878.89","2.54B","-0.62%"
"03/31/2020","896.44","892.79","902.69","886.42","1.93B","1.80%"
"03/30/2020","880.59","879.37","888.12","868.15","1.43B","-0.07%"
"03/27/2020","881.25","918.34","922.99","881.25","2.11B","-3.72%"
"03/26/2020","915.28","889.60","918.07","884.81","2.39B","2.77%"
"03/25/2020","890.63","905.19","919.59","881.23","2.64B","-0.25%"
"03/24/2020","892.86","875.71","896.38","870.50","1.94B","5.98%"
"03/23/2020","842.46","830.44","865.87","825.28","1.79B","-1.81%"
"03/20/2020","857.96","872.17","880.93","850.05","1.61B","0.71%"
"03/19/2020","851.95","849.40","868.79","840.72","1.77B","-0.45%"
"03/18/2020","855.77","847.77","878.25","843.03","1.67B","-1.38%"
"03/17/2020","867.78","889.23","889.49","819.36","2.07B","-1.26%"
"03/16/2020","878.88","922.64","922.64","868.53","1.39B","-8.07%"
"03/13/2020","956.05","936.58","988.56","916.44","2.26B","2.10%"
"03/12/2020","936.39","984.48","990.27","928.54","1.74B","-7.26%"
"03/11/2020","1,009.66","1,004.16","1,028.39","988.06","1.86B","-0.10%"
"03/10/2020","1,010.63","1,060.21","1,068.57","1,010.22","1.82B","-2.38%"
"03/09/2020","1,035.24","1,065.40","1,065.85","1,019.95","1.59B","-5.54%"
"03/06/2020","1,096.01","1,116.54","1,123.45","1,087.75","1.50B","-1.98%"
"03/05/2020","1,118.15","1,125.05","1,131.07","1,114.03","1.56B","0.93%"
"03/04/2020","1,107.85","1,109.59","1,128.99","1,106.78","2.19B","-0.38%"
"03/03/2020","1,112.07","1,089.97","1,112.07","1,088.81","1.84B","3.63%"
"03/02/2020","1,073.10","1,083.79","1,094.05","1,064.25","1.70B","1.24%"
"02/28/2020","1,059.94","993.32","1,077.60","993.32","1.79B","-4.01%"
"02/27/2020","1,104.18","1,139.76","1,144.64","1,104.18","2.54B","-4.13%"
"02/26/2020","1,151.71","1,142.82","1,153.53","1,131.47","2.28B","0.70%"
"02/25/2020","1,143.65","1,156.26","1,159.92","1,138.50","2.51B","-0.37%"
"02/24/2020","1,147.89","1,149.84","1,149.84","1,134.63","1.97B","-1.75%"
"02/21/2020","1,168.29","1,150.89","1,174.15","1,144.53","2.60B","1.03%"
"02/20/2020","1,156.42","1,192.89","1,193.50","1,149.21","2.65B","-2.98%"
"02/19/2020","1,191.96","1,200.36","1,204.65","1,185.71","2.08B","-0.32%"
"02/18/2020","1,195.74","1,204.51","1,204.51","1,191.45","2.57B","-1.01%"
"02/17/2020","1,207.92","1,209.82","1,212.42","1,205.61","2.56B","0.53%"
"02/14/2020","1,201.51","1,210.82","1,215.81","1,200.49","2.31B","-0.32%"
"02/13/2020","1,205.41","1,200.00","1,208.12","1,194.72","2.21B","0.41%"
"02/12/2020","1,200.49","1,199.40","1,213.70","1,192.29","3.00B","0.21%"
"02/11/2020","1,197.98","1,195.05","1,200.78","1,174.51","2.69B","1.23%"
"02/10/2020","1,183.42","1,204.59","1,211.90","1,166.48","2.79B","-2.21%"
"02/07/2020","1,210.15","1,224.76","1,228.12","1,209.13","2.14B","-1.04%"
"02/06/2020","1,222.84","1,227.12","1,238.45","1,219.92","2.66B","-0.03%"
"02/05/2020","1,223.21","1,224.17","1,236.29","1,219.06","2.82B","0.15%"
"02/04/2020","1,221.36","1,204.76","1,222.20","1,201.59","2.36B","2.43%"
"02/03/2020","1,192.43","1,194.37","1,197.84","1,187.62","2.38B","0.09%"
"01/31/2020","1,191.40","1,200.96","1,203.18","1,191.40","2.69B","-0.59%"
"01/30/2020","1,198.50","1,192.31","1,198.72","1,182.56","2.10B","0.13%"
"01/29/2020","1,196.89","1,205.86","1,207.41","1,195.06","2.25B","-0.09%"
"01/28/2020","1,198.02","1,208.16","1,211.09","1,194.03","2.31B","-0.29%"
"01/27/2020","1,201.50","1,207.12","1,216.74","1,200.00","2.36B","-1.63%"
"01/24/2020","1,221.42","1,236.94","1,239.36","1,207.61","2.37B","-0.32%"
"01/23/2020","1,225.40","1,223.92","1,234.57","1,221.88","2.16B","-0.17%"
"01/22/2020","1,227.47","1,242.16","1,245.37","1,223.69","2.61B","-0.65%"
"01/21/2020","1,235.56","1,218.87","1,238.04","1,215.04","2.80B","0.76%"
"01/20/2020","1,226.20","1,218.79","1,229.26","1,218.79","2.28B","0.94%"
"01/17/2020","1,214.75","1,216.19","1,218.74","1,205.97","2.09B","0.39%"
"01/16/2020","1,210.01","1,213.78","1,224.82","1,207.63","3.21B","0.05%"
"01/15/2020","1,209.39","1,212.33","1,218.04","1,204.42","3.38B","-0.40%"
"01/14/2020","1,214.23","1,203.93","1,215.04","1,195.75","2.57B","0.98%"
"01/13/2020","1,202.49","1,195.95","1,209.00","1,195.95","2.88B","1.34%"
"01/10/2020","1,186.64","1,182.51","1,191.40","1,177.01","3.28B","0.57%"
"01/09/2020","1,179.90","1,152.36","1,181.45","1,152.36","3.43B","4.53%"
"01/08/2020","1,128.76","1,109.61","1,133.42","1,107.46","2.33B","0.25%"
"01/07/2020","1,126.00","1,125.94","1,133.87","1,123.48","1.78B","1.07%"
"01/06/2020","1,114.13","1,125.32","1,129.73","1,112.12","2.04B","-2.00%"
"01/03/2020","1,136.84","1,151.43","1,155.71","1,126.17","2.93B","-1.94%"
"01/02/2020","1,159.32","1,149.03","1,159.32","1,145.66","2.41B","1.32%"
"12/31/2019","1,144.25","1,150.72","1,153.12","1,144.19","2.23B","-0.29%"
"12/30/2019","1,147.54","1,140.57","1,149.62","1,140.57","2.65B","0.94%"
"12/27/2019","1,136.84","1,140.36","1,142.91","1,133.81","2.62B","0.03%"
"12/26/2019","1,136.53","1,135.14","1,145.35","1,131.66","2.10B","0.29%"
"12/25/2019","1,133.29","1,133.97","1,135.85","1,130.63","1.98B","0.16%"
"12/24/2019","1,131.53","1,128.40","1,133.95","1,127.83","2.65B","0.87%"
"12/23/2019","1,121.75","1,114.79","1,121.78","1,112.66","2.91B","0.90%"
"12/20/2019","1,111.77","1,110.41","1,116.36","1,108.59","2.17B","0.52%"
"12/19/2019","1,105.99","1,108.53","1,112.74","1,104.86","1.62B","0.02%"
"12/18/2019","1,105.75","1,105.63","1,108.48","1,101.06","2.41B","-0.45%"
"12/17/2019","1,110.74","1,114.95","1,119.56","1,109.37","2.52B","-0.05%"
"12/16/2019","1,111.26","1,106.74","1,114.43","1,102.34","2.17B","0.59%"
"12/13/2019","1,104.77","1,110.11","1,119.10","1,100.18","2.56B","0.33%"
"12/12/2019","1,101.15","1,085.56","1,101.15","1,085.56","2.05B","2.03%"
"12/11/2019","1,079.22","1,080.31","1,082.18","1,074.65","1.62B","-0.08%"
"12/10/2019","1,080.11","1,089.12","1,093.78","1,076.18","2.07B","-0.71%"
"12/09/2019","1,087.86","1,088.96","1,091.25","1,081.39","2.32B","-0.08%"
"12/06/2019","1,088.69","1,090.09","1,093.15","1,083.52","2.16B","0.19%"
"12/05/2019","1,086.59","1,082.60","1,090.32","1,081.51","2.24B","0.89%"
"12/04/2019","1,077.01","1,072.54","1,077.95","1,067.02","1.93B","0.85%"
"12/03/2019","1,067.90","1,078.73","1,087.77","1,067.90","2.56B","-1.12%"
"12/02/2019","1,080.04","1,073.50","1,082.10","1,073.18","2.19B","1.03%"
"11/29/2019","1,069.04","1,073.00","1,076.70","1,065.64","1.77B","-0.21%"
"11/28/2019","1,071.26","1,060.85","1,072.13","1,060.16","1.44B","1.21%"
"11/27/2019","1,058.44","1,059.36","1,064.31","1,053.95","1.75B","-0.13%"
"11/26/2019","1,059.83","1,055.68","1,061.62","1,047.18","2.02B","0.57%"
"11/25/2019","1,053.82","1,071.93","1,078.46","1,052.22","2.24B","-1.13%"
"11/22/2019","1,065.88","1,071.09","1,074.95","1,060.20","1.56B","-0.20%"
"11/21/2019","1,068.05","1,068.03","1,073.07","1,063.15","1.77B","0.02%"
"11/20/2019","1,067.85","1,073.40","1,081.42","1,066.54","2.20B","-0.69%"
"11/19/2019","1,075.29","1,071.97","1,077.70","1,066.34","1.93B","0.64%"
"11/18/2019","1,068.46","1,059.02","1,072.22","1,059.02","2.03B","1.39%"
"11/15/2019","1,053.80","1,044.75","1,055.18","1,044.09","1.51B","1.54%"
"11/14/2019","1,037.81","1,043.07","1,051.65","1,033.09","1.78B","-1.00%"
"11/13/2019","1,048.28","1,040.50","1,050.25","1,036.82","1.64B","0.82%"
"11/12/2019","1,039.72","1,034.52","1,044.28","1,034.52","1.95B","0.83%"
"11/11/2019","1,031.18","1,029.22","1,038.41","1,023.69","1.41B","-0.03%"
"11/08/2019","1,031.53","1,034.46","1,040.18","1,030.21","1.73B","-0.38%"
"11/07/2019","1,035.44","1,018.12","1,035.44","1,018.12","1.76B","2.37%"
"11/06/2019","1,011.44","1,006.72","1,015.99","1,003.68","1.57B","0.62%"
"11/05/2019","1,005.25","1,001.47","1,006.94","998.48","1.54B","0.44%"
"11/04/2019","1,000.88","992.67","1,004.41","991.44","1.31B","1.65%"
"11/01/2019","984.63","986.90","988.14","976.79","1.14B","-0.01%"
"10/31/2019","984.69","989.20","992.01","981.72","1.19B","-0.23%"
"10/30/2019","986.92","989.21","996.66","985.04","1.53B","-1.15%"
"10/28/2019","998.38","1,003.85","1,005.42","998.38","578.00M","-0.38%"
"10/25/2019","1,002.16","1,002.72","1,006.73","1,000.43","1.12B","-0.13%"
"10/24/2019","1,003.46","1,004.47","1,012.39","1,000.52","2.13B","0.56%"
"10/23/2019","997.85","987.99","998.51","986.37","1.62B","1.94%"
"10/22/2019","978.86","975.31","983.67","972.68","1.19B","0.58%"
"10/21/2019","973.24","985.26","985.26","971.72","1.08B","-1.11%"
"10/18/2019","984.15","984.06","987.31","980.02","1.21B","3.71%"
"10/17/2019","948.96","941.34","950.90","930.32","1.01B","0.81%"
"10/16/2019","941.37","935.15","943.91","930.94","1.03B","-1.18%"
"10/15/2019","952.58","955.93","958.73","947.90","1.36B","1.36%"
"10/14/2019","939.81","979.80","980.74","933.82","1.98B","-5.10%"
"10/11/2019","990.28","992.32","997.83","987.76","1.35B","0.25%"
"10/10/2019","987.80","999.58","1,002.60","975.11","1.85B","-0.87%"
"10/09/2019","996.49","1,021.47","1,026.03","996.23","1.91B","-2.17%"
"10/08/2019","1,018.59","1,022.70","1,028.17","1,006.56","2.21B","-1.10%"
"10/07/2019","1,029.93","1,032.94","1,051.76","1,025.72","2.08B","-0.46%"
"10/04/2019","1,034.64","1,031.77","1,038.75","1,028.24","1.49B","0.66%"
"10/03/2019","1,027.84","1,038.85","1,047.68","1,020.62","1.61B","-0.70%"
"10/02/2019","1,035.09","1,038.32","1,044.46","1,031.84","1.62B","-0.35%"
"10/01/2019","1,038.77","1,052.75","1,052.97","1,031.89","1.81B","-1.10%"
"09/30/2019","1,050.33","1,057.00","1,058.34","1,049.72","1.72B","-0.11%"
"09/27/2019","1,051.52","1,022.11","1,052.42","1,022.11","2.02B","3.15%"
"09/26/2019","1,019.40","1,029.14","1,031.20","1,019.14","1.34B","-0.66%"
"09/25/2019","1,026.18","1,016.96","1,026.18","1,015.56","1.56B","0.76%"
"09/24/2019","1,018.47","1,013.75","1,022.36","1,013.75","1.62B","1.83%"
"09/23/2019","1,000.21","1,004.45","1,007.16","995.83","1.30B","-0.22%"
"09/20/2019","1,002.37","1,006.41","1,009.64","999.33","1.61B","-0.10%"
"09/19/2019","1,003.39","1,020.97","1,021.42","1,000.31","1.47B","-1.56%"
"09/18/2019","1,019.30","1,014.71","1,020.95","1,006.00","1.44B","0.48%"
"09/17/2019","1,014.47","1,026.59","1,026.63","1,009.77","1.64B","-1.11%"
"09/16/2019","1,025.90","1,025.52","1,033.21","1,022.46","1.40B","-0.47%"
"09/13/2019","1,030.72","1,027.07","1,032.58","1,023.09","1.33B","0.61%"
"09/12/2019","1,024.47","1,023.12","1,030.09","1,017.46","1.66B","0.52%"
"09/11/2019","1,019.22","1,015.98","1,021.88","1,013.53","1.46B","0.70%"
"09/10/2019","1,012.13","1,006.14","1,014.10","1,003.36","1.66B","0.60%"
"09/09/2019","1,006.05","998.37","1,011.65","998.37","1.52B","1.63%"
"09/06/2019","989.87","1,001.66","1,004.02","989.36","1.47B","-1.29%"
"09/05/2019","1,002.78","1,006.18","1,008.77","998.15","1.82B","0.20%"
"09/04/2019","1,000.77","996.57","1,002.41","992.89","1.82B","1.27%"
"09/03/2019","988.26","983.13","994.75","979.57","1.85B","0.49%"
"09/02/2019","983.43","967.38","986.31","967.38","1.39B","1.68%"
"08/29/2019","967.18","961.30","972.57","957.82","1.18B","0.84%"
"08/28/2019","959.08","964.93","965.97","952.91","1.24B","-0.13%"
"08/27/2019","960.30","973.51","973.51","959.18","1.20B","-1.10%"
"08/26/2019","971.01","956.49","974.48","956.49","1.02B","-0.05%"
"08/23/2019","971.49","956.88","974.04","952.71","1.10B","1.84%"
"08/22/2019","953.94","957.30","961.17","943.49","1.09B","-0.13%"
"08/21/2019","955.22","961.64","964.53","952.62","1.08B","-0.53%"
"08/20/2019","960.32","954.62","965.83","953.14","1.09B","0.78%"
"08/19/2019","952.86","965.01","967.32","950.99","1.04B","-0.47%"
"08/16/2019","957.34","971.99","975.72","957.31","1.09B","-0.87%"
"08/15/2019","965.79","985.04","985.31","965.08","1.11B","-2.84%"
"08/09/2019","994.05","992.89","998.75","987.78","1.01B","0.20%"
"08/08/2019","992.08","991.25","993.32","978.52","1.14B","1.17%"
"08/07/2019","980.56","1,000.29","1,001.78","977.23","1.21B","-1.53%"
"08/06/2019","995.84","989.84","1,000.58","988.23","940.90M","0.92%"
"08/05/2019","986.73","994.07","999.81","985.04","957.93M","-1.01%"
"08/02/2019","996.79","1,015.08","1,017.07","996.30","970.54M","-2.18%"
"08/01/2019","1,019.00","1,013.42","1,021.83","1,010.93","1.04B","-0.18%"
"07/31/2019","1,020.82","1,030.59","1,030.66","1,015.40","1.13B","-0.59%"
"07/30/2019","1,026.86","1,035.19","1,035.53","1,019.70","1.15B","-0.66%"
"07/29/2019","1,033.73","1,031.47","1,035.26","1,025.24","944.13M","0.52%"
"07/26/2019","1,028.37","1,022.72","1,032.59","1,015.46","1.07B","0.78%"
"07/25/2019","1,020.45","1,036.76","1,041.54","1,016.05","1.64B","-1.36%"
"07/24/2019","1,034.57","1,028.10","1,034.57","1,017.69","1.25B","0.88%"
"07/23/2019","1,025.56","1,012.24","1,029.17","1,010.87","1.28B","1.45%"
"07/22/2019","1,010.89","1,018.12","1,021.47","1,008.47","1.02B","-0.75%"
"07/19/2019","1,018.49","1,023.82","1,028.82","1,016.65","1.44B","0.28%"
"07/18/2019","1,015.66","997.17","1,018.45","993.88","1.38B","1.76%"
"07/17/2019","998.06","984.22","999.20","980.39","1.20B","1.81%"
"07/16/2019","980.28","978.60","987.53","976.34","1.01B","0.96%"
"07/12/2019","970.98","994.61","998.71","968.55","1.31B","-2.32%"
"07/11/2019","994.06","994.28","997.26","989.33","1.12B","0.83%"
"07/10/2019","985.85","968.41","986.99","962.71","1.42B","1.83%"
"07/09/2019","968.11","987.25","991.15","967.84","1.44B","-1.91%"
"07/08/2019","986.95","981.06","991.00","978.91","1.26B","-0.94%"
"07/05/2019","996.35","994.28","1,004.47","992.62","1.38B","0.25%"
"07/04/2019","993.82","997.31","1,000.09","985.27","1.06B","0.02%"
"07/03/2019","993.63","1,004.53","1,005.01","991.43","1.29B","-0.84%"
"07/02/2019","1,002.01","998.18","1,003.42","991.79","1.57B","0.47%"
"07/01/2019","997.36","986.63","999.71","983.74","1.79B","3.37%"
"06/28/2019","964.85","958.21","966.50","955.32","993.99M","0.95%"
"06/27/2019","955.73","952.56","959.90","952.56","1.15B","0.78%"
"06/26/2019","948.31","955.34","958.48","945.19","1.01B","-0.62%"
"06/25/2019","954.21","950.66","959.94","946.19","1.24B","0.25%"
"06/24/2019","951.82","960.39","962.12","948.98","1.23B","1.23%"
"06/21/2019","940.22","940.34","943.78","930.25","1.12B","-0.14%"
"06/20/2019","941.58","952.27","959.55","940.38","1.82B","-0.09%"
"06/19/2019","942.44","940.07","947.74","933.17","1.42B","0.03%"
"06/18/2019","942.19","923.10","942.52","920.83","1.33B","2.13%"
"06/17/2019","922.50","904.76","925.65","903.92","1.20B","1.61%"
"06/14/2019","907.87","908.43","913.23","900.24","999.98M","0.32%"
"06/13/2019","905.01","921.73","921.73","905.01","1.11B","-2.27%"
"06/12/2019","926.06","927.37","936.14","924.02","1.17B","-0.24%"
"06/11/2019","928.26","943.40","945.89","926.54","1.32B","-1.36%"
"06/10/2019","941.03","937.62","944.48","930.14","1.43B","0.31%"
"06/07/2019","938.09","905.66","938.09","902.96","1.01B","3.83%"
"06/03/2019","903.46","903.36","908.67","898.20","348.58M","-0.27%"
"05/31/2019","905.90","898.25","905.90","889.75","1.02B","0.64%"
"05/30/2019","900.12","880.32","900.12","880.32","1.31B","3.24%"
"05/29/2019","871.86","869.33","877.69","865.59","1.00B","0.47%"
"05/28/2019","867.78","861.00","877.29","861.00","1.21B","1.44%"
"05/27/2019","855.45","865.06","869.45","853.10","861.08M","-0.61%"
"05/24/2019","860.72","849.89","864.96","849.86","1.29B","1.74%"
"05/23/2019","845.96","835.35","847.12","835.35","1.01B","1.10%"
"05/22/2019","836.75","850.42","855.80","836.75","1.08B","-1.92%"
"05/21/2019","853.10","869.43","871.54","849.77","1.15B","-1.68%"
"05/20/2019","867.71","868.95","871.16","865.21","1.01B","-0.03%"
"05/17/2019","867.96","869.45","875.19","865.52","1.12B","-0.47%"
"05/16/2019","872.04","876.64","885.30","870.88","1.18B","-0.20%"
"05/15/2019","873.80","880.70","881.16","860.43","1.12B","-0.73%"
"05/14/2019","880.23","866.15","880.23","860.44","1.35B","2.02%"
"05/13/2019","862.83","886.29","887.41","854.47","1.43B","-2.54%"
"05/10/2019","885.33","894.80","898.55","883.16","1.10B","-0.17%"
"05/09/2019","886.86","903.12","906.97","886.48","1.09B","-1.76%"
"05/08/2019","902.72","907.68","916.01","897.34","1.27B","-1.32%"
"05/07/2019","914.82","908.01","919.27","906.98","1.23B","-1.61%"
"05/06/2019","929.82","930.26","930.76","915.41","1.13B","-1.03%"
"05/03/2019","939.46","942.45","943.96","934.76","918.38M","-0.25%"
"05/02/2019","941.79","957.30","960.50","939.20","1.19B","-1.30%"
"04/30/2019","954.16","947.36","957.30","947.36","1.34B","0.93%"
"04/29/2019","945.35","950.40","951.14","942.37","1.09B","-0.26%"
"04/26/2019","947.83","948.87","951.45","940.46","963.66M","0.30%"
"04/25/2019","944.99","963.51","964.57","938.92","1.23B","-1.71%"
"04/24/2019","961.42","958.21","965.37","958.21","1.12B","0.20%"
"04/22/2019","959.53","963.90","964.52","958.99","715.48M","-0.94%"
"04/19/2019","968.61","970.82","972.93","967.37","573.04M","-0.03%"
"04/18/2019","968.86","979.12","979.12","966.24","1.13B","-1.34%"
"04/17/2019","982.03","973.47","986.62","972.98","1.19B","1.44%"
"04/16/2019","968.09","956.77","971.02","956.77","1.07B","1.70%"
"04/15/2019","951.92","957.60","965.31","951.92","765.38M","-0.82%"
"04/12/2019","959.77","957.22","961.68","950.28","867.64M","-0.10%"
"04/11/2019","960.73","972.27","975.31","960.22","1.05B","-0.97%"
"04/10/2019","970.15","984.05","984.56","969.12","1.21B","-1.14%"
"04/09/2019","981.35","979.57","987.48","974.97","1.28B","1.19%"
"04/08/2019","969.78","989.79","990.77","967.36","1.10B","-1.83%"
"04/05/2019","987.83","989.63","992.14","974.22","1.45B","0.45%"
"04/04/2019","983.37","944.78","983.37","942.97","1.50B","4.13%"
"04/03/2019","944.41","941.59","948.91","940.41","1.08B","0.97%"
"04/02/2019","935.33","936.35","953.52","931.32","1.24B","-0.60%"
"04/01/2019","941.01","939.08","951.18","918.64","1.61B","0.34%"
"03/29/2019","937.84","924.99","942.47","919.04","1.28B","1.81%"
"03/28/2019","921.20","911.82","937.44","907.77","2.04B","0.29%"
"03/27/2019","918.55","978.21","979.98","905.24","2.01B","-5.67%"
"03/26/2019","973.79","999.90","1,002.60","971.54","1.46B","-1.96%"
"03/25/2019","993.26","1,000.27","1,003.82","983.67","1.63B","-0.51%"
"03/22/2019","998.35","1,036.53","1,037.56","996.52","1.79B","-3.46%"
"03/21/2019","1,034.08","1,038.36","1,042.48","1,025.34","1.55B","0.09%"
"03/20/2019","1,033.10","1,048.07","1,050.99","1,031.81","1.85B","-1.48%"
"03/19/2019","1,048.62","1,046.64","1,059.29","1,041.54","1.67B","0.26%"
"03/18/2019","1,045.95","1,037.85","1,048.83","1,037.85","1.41B","1.25%"
"03/15/2019","1,033.04","1,028.91","1,033.80","1,026.44","1.51B","0.85%"
"03/14/2019","1,024.32","1,022.98","1,027.86","1,020.10","1.22B","0.23%"
"03/13/2019","1,021.97","1,018.21","1,025.32","1,011.43","1.22B","0.47%"
"03/12/2019","1,017.21","1,014.65","1,020.69","1,009.19","1.17B","0.86%"
"03/11/2019","1,008.50","1,018.87","1,023.43","1,006.52","1.10B","-0.68%"
"03/08/2019","1,015.38","1,023.37","1,024.64","1,008.74","1.17B","-0.73%"
"03/07/2019","1,022.83","1,038.54","1,041.94","1,022.64","1.53B","-1.13%"
"03/06/2019","1,034.53","1,040.26","1,048.67","1,033.65","1.55B","-0.27%"
"03/05/2019","1,037.31","1,039.34","1,048.32","1,034.60","2.01B","-0.44%"
"03/04/2019","1,041.93","1,035.64","1,046.17","1,034.75","1.34B","0.90%"
"03/01/2019","1,032.67","1,046.90","1,048.33","1,029.57","1.39B","-1.21%"
"02/28/2019","1,045.30","1,042.48","1,050.70","1,041.28","1.33B","0.37%"
"02/27/2019","1,041.41","1,051.17","1,052.69","1,041.17","1.55B","-0.90%"
"02/26/2019","1,050.82","1,042.61","1,050.82","1,039.42","1.52B","0.72%"
"02/25/2019","1,043.30","1,038.75","1,051.46","1,038.75","1.71B","1.11%"
"02/22/2019","1,031.86","1,028.40","1,034.68","1,026.12","1.19B","0.68%"
"02/21/2019","1,024.94","1,020.34","1,028.93","1,016.95","1.07B","0.51%"
"02/20/2019","1,019.71","1,019.90","1,025.43","1,016.18","1.12B","0.23%"
"02/19/2019","1,017.42","1,018.45","1,019.79","1,007.13","1.18B","0.01%"
"02/18/2019","1,017.29","1,028.67","1,031.31","1,017.29","1.26B","-0.96%"
"02/15/2019","1,027.15","1,020.71","1,029.78","1,011.87","1.30B","0.57%"
"02/14/2019","1,021.30","1,019.24","1,026.17","1,007.50","1.64B","0.48%"
"02/13/2019","1,016.46","1,043.39","1,044.55","1,016.46","1.55B","-2.04%"
"02/12/2019","1,037.62","1,046.53","1,049.77","1,033.65","1.45B","-0.61%"
"02/11/2019","1,043.95","1,032.88","1,046.57","1,032.80","1.30B","1.90%"
"02/08/2019","1,024.52","1,024.95","1,027.42","1,021.19","1.10B","-0.32%"
"02/07/2019","1,027.84","1,027.53","1,029.37","1,019.45","1.42B","0.19%"
"02/06/2019","1,025.84","1,028.99","1,030.89","1,016.20","1.46B","0.13%"
"02/05/2019","1,024.48","1,027.65","1,038.52","1,017.56","1.54B","0.19%"
"02/04/2019","1,022.55","1,030.78","1,035.54","1,019.89","1.11B","-0.66%"
"02/01/2019","1,029.37","1,040.61","1,043.72","1,026.48","1.43B","-1.09%"
"01/31/2019","1,040.74","1,054.78","1,059.30","1,034.09","1.88B","-0.11%"
"01/30/2019","1,041.89","1,041.54","1,047.93","1,035.50","1.64B","0.09%"
"01/29/2019","1,040.98","1,013.59","1,040.98","1,010.77","1.54B","2.77%"
"01/28/2019","1,012.90","1,018.23","1,028.07","1,012.40","1.28B","-0.50%"
"01/25/2019","1,018.01","1,021.23","1,023.20","1,012.00","1.35B","0.03%"
"01/24/2019","1,017.74","1,004.54","1,017.74","1,003.15","1.60B","1.63%"
"01/23/2019","1,001.41","997.38","1,004.88","990.60","1.52B","0.47%"
"01/22/2019","996.77","979.91","996.77","978.56","1.62B","1.76%"
"01/21/2019","979.55","986.27","998.29","976.35","1.56B","-0.51%"
"01/18/2019","984.55","971.93","986.62","970.46","1.44B","1.69%"
"01/17/2019","968.17","955.00","973.55","951.61","1.85B","1.47%"
"01/16/2019","954.11","933.65","954.41","930.23","1.67B","2.40%"
"01/15/2019","931.73","926.28","933.03","924.78","1.29B","1.22%"
"01/14/2019","920.54","908.25","920.54","903.88","937.27M","0.40%"
"01/11/2019","916.87","915.03","920.28","912.63","912.42M","0.54%"
"01/10/2019","911.96","912.26","918.46","906.95","1.02B","0.04%"
"01/09/2019","911.57","910.32","914.19","905.91","1.13B","0.51%"
"01/08/2019","906.97","902.48","907.76","893.62","981.65M","0.83%"
"01/07/2019","899.51","894.45","902.28","892.81","971.55M","1.26%"
"01/04/2019","888.31","878.94","891.21","878.94","918.29M","1.64%"
"01/03/2019","873.99","883.76","895.45","873.99","959.78M","-1.65%"
"01/02/2019","888.65","909.86","909.86","886.50","771.04M","-2.64%"